event_id,event_time,source_type,identity,asset_id,event_action,raw_locator
EVT-AUTH-18,2026-07-22 09:00:15,auth,amina.analyst,asset-003,failed_login_burst,auth.v1.json:18
EVT-AUTH-19,2026-07-22 09:05:00,auth,amina.analyst,asset-003,login_success,auth.v1.json:19
EVT-EDR-321,2026-07-22 09:06:12,edr,amina.analyst,asset-003,powershell_encoded_command,edr.v2.json:321
EVT-WEB-104,2026-07-22 10:15:00,web,svc-019,asset-022,archive_creation_support_data,web.v1.json:104
EVT-DNS-205,2026-07-22 10:16:30,dns,svc-019,asset-022,query_sync_v1_updates,dns.v3.json:205
EVT-FIREWALL-88,2026-07-22 10:18:00,firewall,svc-019,asset-022,outbound_exfil_transfer_block,fw.v1.json:88
EVT-EDR-412,2026-07-22 11:30:00,edr,nora.contractor,asset-001,usb_v1_media_mount,edr.v1.json:412
EVT-AUTH-92,2026-07-22 11:32:15,auth,nora.contractor,asset-001,payroll_file_copy,auth.v2.json:92
EVT-FIREWALL-150,2026-07-22 11:35:00,firewall,nora.contractor,asset-001,cleanup_archive_deletion,fw.v2.json:150
